prompt,output,flag,username,timestamp
Write a program of even odd in typescript. ,,,,2024-07-19 16:19:37.924804
tell me a joke," Why don't programmers like nature? It has too many bugs!

And here is a pun about TypeScript:

Why did the variable declare an interface? Because it wanted to ensure type compatibility!",,,2024-07-19 16:26:54.681029
tell me a joke," Why don't programmers like nature? It has too many bugs!

And here is a pun about TypeScript:

Why did the variable declare an interface? Because it wanted to ensure type compatibility!",,,2024-07-19 16:26:56.291785
tell me a joke," Why don't programmers like nature? It has too many bugs!

And here is a pun about TypeScript:

Why did the variable declare an interface? Because it wanted to ensure type compatibility!",,,2024-07-19 16:26:57.475821
who am i?," You are an AI model designed to provide information and answer questions to the best of my ability. I don't have personal experiences or feelings, but I strive to help you by providing accurate and relevant answers based on a vast amount of data I was trained on.",,,2024-07-19 17:40:27.350617
